,name,project_links
0,Ethereum name-service,https://dappradar.com/deeplink/264
1,Bored Ape Yacht Club,https://dappradar.com/deeplink/6669
2,Mutant Ape Yacht Club,https://dappradar.com/deeplink/8878
3,Moonbirds,https://dappradar.com/deeplink/15437
4,Otherdeed for Otherside,https://dappradar.com/deeplink/15910
5,CLONE X - X TAKASHI MURAKAMI,https://dappradar.com/deeplink/12538
6,Art Blocks,https://dappradar.com/deeplink/5475
7,Doodles,https://dappradar.com/deeplink/10156
8,CryptoPunks,https://dappradar.com/deeplink/12
9,Azuki,https://dappradar.com/deeplink/13370
10,Autoglyphs,https://dappradar.com/deeplink/6197
11,Moonbirds Oddities,https://dappradar.com/deeplink/16435
12,Axie Infinity,https://dappradar.com/deeplink/9495
13,Goblintownnft,https://dappradar.com/deeplink/16427
14,MOBOX: NFT Farmer,https://dappradar.com/deeplink/6249
18,IO: Imaginary Ones,https://dappradar.com/deeplink/15856
19,Zipcy's SuperNormal,https://dappradar.com/deeplink/13375
20,Emblem.Finance,https://dappradar.com/deeplink/9247
21,Bored Ape Kennel Club,https://dappradar.com/deeplink/8885
22,My Pet Hooligan,https://dappradar.com/deeplink/12342
23,The Sandbox Marketplace,https://dappradar.com/deeplink/6121
24,MetaHero Universe: Generative Identities,https://dappradar.com/deeplink/9075
25,PUNKS Comic,https://dappradar.com/deeplink/7504
26,Murakami flowers-official,https://dappradar.com/deeplink/16884
27,Fluf world,https://dappradar.com/deeplink/8893
28,Mcgoblin wtf,https://dappradar.com/deeplink/16886
29,Meebits,https://dappradar.com/deeplink/6626
30,Bobo degen-apocalypse,https://dappradar.com/deeplink/16528
31,Rektguy,https://dappradar.com/deeplink/16441
32,Admit one,https://dappradar.com/deeplink/16526
33,Chimpers,https://dappradar.com/deeplink/16432
34,adidas Originals Into the Metaverse,https://dappradar.com/deeplink/12335
38,Rtfkt x-nike-monolith,https://dappradar.com/deeplink/15786
39,Curio cards,https://dappradar.com/deeplink/8886
40,Damien Hirst - The Currency,https://dappradar.com/deeplink/8935
41,SNEAKER HEADS Official,https://dappradar.com/deeplink/17244
42,Quirkies originals,https://dappradar.com/deeplink/15060
43,Cool cats,https://dappradar.com/deeplink/8883
44,SuperRare,https://dappradar.com/deeplink/374
45,Parallel Alpha,https://dappradar.com/deeplink/8888
46,Pudgy penguins,https://dappradar.com/deeplink/8582
47,CrypToadz by GREMPLIN,https://dappradar.com/deeplink/9158
48,World of Women Galaxy,https://dappradar.com/deeplink/14849
49,RTFKT SKIN VIAL: EVO X,https://dappradar.com/deeplink/15785
50,Ethlizards,https://dappradar.com/deeplink/15063
51,Hic et-nunc,https://dappradar.com/deeplink/7357
52,Invisible friends,https://dappradar.com/deeplink/14017
53,Sappy Seals,https://dappradar.com/deeplink/9340
54,Psychedelics Anonymous Genesis,https://dappradar.com/deeplink/12621
55,Aavegotchi,https://dappradar.com/deeplink/5824
56,Kaiju kingz,https://dappradar.com/deeplink/10094
57,Lazy Lions,https://dappradar.com/deeplink/8884
58,3Landers,https://dappradar.com/deeplink/14019
62,DEGEN TOONZ COLLECTION,https://dappradar.com/deeplink/14022
63,PhantaBear,https://dappradar.com/deeplink/12614
64,Hape prime,https://dappradar.com/deeplink/13376
65,Treeverse,https://dappradar.com/deeplink/8900
66,Coolman's Universe,https://dappradar.com/deeplink/12345
67,World of-women,https://dappradar.com/deeplink/8579
68,Alien frens,https://dappradar.com/deeplink/12336
69,Deadfellaz,https://dappradar.com/deeplink/9392
70,Akutars,https://dappradar.com/deeplink/15782
72,MegaCryptoPolis,https://dappradar.com/deeplink/509
73,RTFKT x Nike Dunk Genesis CRYPTOKICKS,https://dappradar.com/deeplink/15784
74,GEN.ART,https://dappradar.com/deeplink/8991
75,Llamaverse genesis,https://dappradar.com/deeplink/14024
76,Veefriends,https://dappradar.com/deeplink/6755
77,Rumble kong-league,https://dappradar.com/deeplink/8995
78,Alien Worlds,https://dappradar.com/deeplink/5314
79,Topps mlb,https://dappradar.com/deeplink/6453
80,Cool Pets NFT,https://dappradar.com/deeplink/13379
81,Forgotten Runes,https://dappradar.com/deeplink/10025
82,Karafuru,https://dappradar.com/deeplink/14095
83,Bubblegum Kids,https://dappradar.com/deeplink/9682
84,Metroverse,https://dappradar.com/deeplink/14298
85,SHIBOSHIS,https://dappradar.com/deeplink/10159
86,OnChainMonkey,https://dappradar.com/deeplink/9228
87,Bastard Gan Punks V2,https://dappradar.com/deeplink/8903
88,Adam Bomb Squad,https://dappradar.com/deeplink/8941
89,10KTF,https://dappradar.com/deeplink/9389
98,Decentral Games,https://dappradar.com/deeplink/13022
99,GoblinAi,https://dappradar.com/deeplink/16531
100,Sidus NFT Heroes,https://dappradar.com/deeplink/11203
101,CryptoMories,https://dappradar.com/deeplink/9937
105,Galaxy Fight Club,https://dappradar.com/deeplink/9395
106,The Doggies (Snoop Dogg),https://dappradar.com/deeplink/14020
107,Foundation,https://dappradar.com/deeplink/5966
108,Apocalyptic Apes,https://dappradar.com/deeplink/12610
109,MAX PAIN AND FRENS BY XCOPY,https://dappradar.com/deeplink/14805
110,MutantCats,https://dappradar.com/deeplink/9746
111,Vox Collectibles,https://dappradar.com/deeplink/9127
112,Blockchain Brawlers,https://dappradar.com/deeplink/12653
113,MoonCatRescue,https://dappradar.com/deeplink/240
114,SupDucks,https://dappradar.com/deeplink/8143
115,MekaVerse,https://dappradar.com/deeplink/9850
116,Akumu Dragonz,https://dappradar.com/deeplink/16667
117,Boss Beauties,https://dappradar.com/deeplink/9551
118,CryptoDickbutts,https://dappradar.com/deeplink/9751
119,Unseen Universe,https://dappradar.com/deeplink/16532
120,Tubby cats by tubby collective,https://dappradar.com/deeplink/14018
121,Crypto.Chicks,https://dappradar.com/deeplink/9562
122,Lonely Alien Space Club,https://dappradar.com/deeplink/8892
123,Creature World NFT,https://dappradar.com/deeplink/8934
124,Voxels,https://dappradar.com/deeplink/636
125,LOSTPOETS,https://dappradar.com/deeplink/9067
126,The Uncanny Country Club,https://dappradar.com/deeplink/16436
127,Killer GF,https://dappradar.com/deeplink/13380
128,Ape Reunion,https://dappradar.com/deeplink/16438
129,Capsule House,https://dappradar.com/deeplink/9628
130,Robotos Official,https://dappradar.com/deeplink/9160
131,EightBit Me,https://dappradar.com/deeplink/15064
132,Frontier Game,https://dappradar.com/deeplink/9068
133,FVCK_CRYSTAL//,https://dappradar.com/deeplink/9683
134,Terraforms by Mathcastles,https://dappradar.com/deeplink/12346
135,0n1 Force,https://dappradar.com/deeplink/8881
136,Fragments By James Jean,https://dappradar.com/deeplink/15861
137,Chain Runners NFT,https://dappradar.com/deeplink/10695
138,Voxies,https://dappradar.com/deeplink/6980
139,Timeless NFTs,https://dappradar.com/deeplink/11034
140,Prime Ape Planet PAP,https://dappradar.com/deeplink/12609
141,Hashmasks,https://dappradar.com/deeplink/5540
142,Waves Ducks,https://dappradar.com/deeplink/8437
143,PunkScapes,https://dappradar.com/deeplink/9756
144,the littles NFT,https://dappradar.com/deeplink/11194
145,You by BFF,https://dappradar.com/deeplink/15858
146,Stoner Cats,https://dappradar.com/deeplink/8522
147,RTFKT Capsule Space Drip 1.2,https://dappradar.com/deeplink/11201
148,BearMarketBears,https://dappradar.com/deeplink/9635
149,Desperate ApeWives,https://dappradar.com/deeplink/10385
150,Infinites AI,https://dappradar.com/deeplink/9162
151,Dysto Apez Official,https://dappradar.com/deeplink/12617
152,Lil Pudgys,https://dappradar.com/deeplink/12337
153,Quantum Curated,https://dappradar.com/deeplink/11202
154,WonderPals,https://dappradar.com/deeplink/14092
155,Metaguardians,https://dappradar.com/deeplink/9226
156,Dolce&Gabbana: DGFamily Glass Box,https://dappradar.com/deeplink/15860
157,LinksDAO,https://dappradar.com/deeplink/12612
158,DentedFeelsNFT,https://dappradar.com/deeplink/14091
159,VeeCon Tickets,https://dappradar.com/deeplink/14802
160,Lives of Asuna,https://dappradar.com/deeplink/13371
161,TheHeartProject,https://dappradar.com/deeplink/9506
162,First First NFTs,https://dappradar.com/deeplink/9090
163,DeRace Horses,https://dappradar.com/deeplink/15117
164,PancakeSwap Squad,https://dappradar.com/deeplink/9940
165,Starcatchers,https://dappradar.com/deeplink/14021
166,Probably Nothing Genesis,https://dappradar.com/deeplink/16440
167,Somnium Space,https://dappradar.com/deeplink/1661
168,Farm Land by Pixels,https://dappradar.com/deeplink/13382
169,Rarible,https://dappradar.com/deeplink/3182
170,RaidParty Heroes,https://dappradar.com/deeplink/13377
171,Mad Rabbits Riot Club,https://dappradar.com/deeplink/10023
172,Crypto Bull Society,https://dappradar.com/deeplink/11969
173,DystoPunks V2,https://dappradar.com/deeplink/9318
174,FoxFam,https://dappradar.com/deeplink/9787
175,Slotie NFT,https://dappradar.com/deeplink/11978
176,The Lunartics,https://dappradar.com/deeplink/15859
180,GEVOLs,https://dappradar.com/deeplink/8965
181,The Goobers,https://dappradar.com/deeplink/9945
182,Wall St Bulls,https://dappradar.com/deeplink/10386
183,Loot,https://dappradar.com/deeplink/8933
184,Sipherian Surge,https://dappradar.com/deeplink/9156
185,Dope Wars Loot,https://dappradar.com/deeplink/8989
186,MarsCatsVoyage,https://dappradar.com/deeplink/9444
187,Sneaky Vampire Syndicate,https://dappradar.com/deeplink/9181
188,Bricktopians,https://dappradar.com/deeplink/11199
190,The CryptoDads,https://dappradar.com/deeplink/9161
191,Noodles,https://dappradar.com/deeplink/12349
192,Women and Weapons,https://dappradar.com/deeplink/10325
193,The Meta Key,https://dappradar.com/deeplink/9685
194,TIMEPiece Community,https://dappradar.com/deeplink/9502
195,(B)APETAVERSE,https://dappradar.com/deeplink/14803
196,ChainFaces Arena,https://dappradar.com/deeplink/12613
197,Genzee,https://dappradar.com/deeplink/10095
198,TiKi Bar,https://dappradar.com/deeplink/9229
199,CryptoMutts,https://dappradar.com/deeplink/9466
200,Neo Tokyo Identities,https://dappradar.com/deeplink/9745
201,BitcoinBillionaires,https://dappradar.com/deeplink/10387
202,Anonymice,https://dappradar.com/deeplink/9387
203,CrazySkullzNFT,https://dappradar.com/deeplink/9936
204,Swampverse,https://dappradar.com/deeplink/11198
205,Topps GPK,https://dappradar.com/deeplink/3614
206,Genesis Bloodshed Bears,https://dappradar.com/deeplink/14026
207,KIWAMI Genesis,https://dappradar.com/deeplink/15059
208,Etholvants,https://dappradar.com/deeplink/10369
209,Exclusible Alpha,https://dappradar.com/deeplink/10329
210,Wicked Craniums,https://dappradar.com/deeplink/7785
211,The Humanoids,https://dappradar.com/deeplink/9679
212,GEN.ART Drop Collection,https://dappradar.com/deeplink/10235
213,CuriositiesNFT,https://dappradar.com/deeplink/16433
214,Cryptorastas,https://dappradar.com/deeplink/9935
215,Video Game Dev Squad,https://dappradar.com/deeplink/9182
216,JPG PEOPLE by Debbie Tea,https://dappradar.com/deeplink/12341
217,CreatureToadz,https://dappradar.com/deeplink/10322
218,The Wild Bunch Official,https://dappradar.com/deeplink/11036
219,Akuma Origins,https://dappradar.com/deeplink/15062
220,The Vogu Collective,https://dappradar.com/deeplink/8896
221,KnightDoge,https://dappradar.com/deeplink/8470
222,GalacticApes,https://dappradar.com/deeplink/9626
223,CryptoKitties,https://dappradar.com/deeplink/3
224,SmallBrosNFT,https://dappradar.com/deeplink/14804
225,Boonji Project,https://dappradar.com/deeplink/10331
226,Animetas,https://dappradar.com/deeplink/8876
227,Magic Mushroom Clubhouse,https://dappradar.com/deeplink/9553
228,PancakeSwap,https://dappradar.com/deeplink/4600
229,Galaxy Eggs,https://dappradar.com/deeplink/9254
230,Eponym by ART AI,https://dappradar.com/deeplink/9932
231,Cyber Gorillas Official,https://dappradar.com/deeplink/12395
232,Kumo x World Residents,https://dappradar.com/deeplink/12620
233,Soldiers Of The Metaverse,https://dappradar.com/deeplink/9559
234,PEACEFUL GROUPIES V2,https://dappradar.com/deeplink/9311
235,Divine Anarchy,https://dappradar.com/deeplink/10636
236,WomenRise,https://dappradar.com/deeplink/13383
237,KCG,https://dappradar.com/deeplink/13378
238,Fang Gang,https://dappradar.com/deeplink/8940
239,Sneaky Bat Syndicate,https://dappradar.com/deeplink/10340
240,Illuvium,https://dappradar.com/deeplink/8020
241,Rare Land NFT,https://dappradar.com/deeplink/16668
242,Superlative Secret Society,https://dappradar.com/deeplink/9458
243,JUNGLE FREAKS,https://dappradar.com/deeplink/10064
244,Gh0stly Gh0sts,https://dappradar.com/deeplink/15056
245,Northern Guilds,https://dappradar.com/deeplink/9747
246,Waifusion,https://dappradar.com/deeplink/6396
247,Wicked Ape Bone Club,https://dappradar.com/deeplink/9560
248,RRMAYC,https://dappradar.com/deeplink/17243
249,Critterz Genesis,https://dappradar.com/deeplink/12611
250,Ape Kids Club (AKC),https://dappradar.com/deeplink/11966
251,Nifty League DEGENs,https://dappradar.com/deeplink/9677
252,Metaverse Travel Agency Metahelmet,https://dappradar.com/deeplink/9876
253,KOGs,https://dappradar.com/deeplink/4261
254,Roaring Leaders,https://dappradar.com/deeplink/9630
255,Avastars,https://dappradar.com/deeplink/3641
256,R-PLANET,https://dappradar.com/deeplink/5286
258,Crypto Tech Women,https://dappradar.com/deeplink/14094
259,The Sevens (Official),https://dappradar.com/deeplink/9062
260,OG:Crystals,https://dappradar.com/deeplink/10096
261,Party Degenerates,https://dappradar.com/deeplink/10175
262,Metasaurs by Dr. DMT,https://dappradar.com/deeplink/10019
263,Gauntlets,https://dappradar.com/deeplink/8894
264,RugRadio Genesis NFT,https://dappradar.com/deeplink/13381
265,Top Dog Beach Club,https://dappradar.com/deeplink/8897
266,REVV Racing,https://dappradar.com/deeplink/8141
268,Farmers World,https://dappradar.com/deeplink/8430
269,merge.,https://dappradar.com/deeplink/11977
270,The Yakuza Cats Society,https://dappradar.com/deeplink/9673
271,KingFrogs,https://dappradar.com/deeplink/9680
272,Doge Pound Puppies,https://dappradar.com/deeplink/8992
273,RaidParty Fighters,https://dappradar.com/deeplink/14296
274,Crypto Hobos,https://dappradar.com/deeplink/9438
275,CryptoZoo,https://dappradar.com/deeplink/9064
276,Noundles,https://dappradar.com/deeplink/10994
277,Upland Collectibles,https://dappradar.com/deeplink/6394
278,Green Rabbit Game,https://dappradar.com/deeplink/8310
279,Fast Food Frens Collection,https://dappradar.com/deeplink/9879
280,SpacePunksClub,https://dappradar.com/deeplink/9098
281,2+2 Genesis,https://dappradar.com/deeplink/10634
282,CryptoFoxes,https://dappradar.com/deeplink/9749
283,Society of Derivative Apes,https://dappradar.com/deeplink/11031
284,NFTheo,https://dappradar.com/deeplink/9119
285,Non-Fungible People,https://dappradar.com/deeplink/12396
286,CyberBabies.io,https://dappradar.com/deeplink/9320
287,Curious Addys' Trading,https://dappradar.com/deeplink/10691
288,ZED RUN,https://dappradar.com/deeplink/1387
289,ETHEREALS WTF,https://dappradar.com/deeplink/9872
290,Chill Frogs NFT,https://dappradar.com/deeplink/9790
291,The Official Surreals,https://dappradar.com/deeplink/9782
292,ZombieCats,https://dappradar.com/deeplink/9871
296,Koala Intelligence Agency,https://dappradar.com/deeplink/9398
297,Web3 Name Service,https://dappradar.com/deeplink/15996
298,Cyber Hornets Colony Club,https://dappradar.com/deeplink/9878
299,Borpacasso,https://dappradar.com/deeplink/9249
300,Omnimorphs V2,https://dappradar.com/deeplink/9255
301,HOWLERZ,https://dappradar.com/deeplink/14093
302,dotdotdots,https://dappradar.com/deeplink/8939
303,Riot Racers,https://dappradar.com/deeplink/9124
304,House Of Legends,https://dappradar.com/deeplink/12339
305,THE REAL GOAT SOCIETY,https://dappradar.com/deeplink/10581
306,Bad Kids Alley Official,https://dappradar.com/deeplink/9441
307,Cool Ape Club Official,https://dappradar.com/deeplink/12616
308,The Project URS,https://dappradar.com/deeplink/9227
309,Holy Cows,https://dappradar.com/deeplink/9261
310,Super Shiba Club,https://dappradar.com/deeplink/9752
311,The Dreamers,https://dappradar.com/deeplink/10065
312,Dirtybird Flight Club,https://dappradar.com/deeplink/9785
313,Spooky Boys Country Club,https://dappradar.com/deeplink/10692
314,The Beeings,https://dappradar.com/deeplink/13374
315,Loopy Donuts,https://dappradar.com/deeplink/9788
316,SympathyForTheDevils,https://dappradar.com/deeplink/9069
317,The WynLambo,https://dappradar.com/deeplink/9504
318,Bear Game NFT,https://dappradar.com/deeplink/11195
319,OnChain Seasides,https://dappradar.com/deeplink/9442
320,BoringStone Genesis,https://dappradar.com/deeplink/9793
321,The Rogue Society,https://dappradar.com/deeplink/9060
322,Fly Frogs,https://dappradar.com/deeplink/9748
326,2545 By Gr4y,https://dappradar.com/deeplink/9873
327,BlankFace,https://dappradar.com/deeplink/9312
328,FudFarm,https://dappradar.com/deeplink/9934
329,Bobo Degen Apocalypse,https://dappradar.com/deeplink/16528
330,WAX Packs,https://dappradar.com/deeplink/5590
331,Evolved Apes Inc,https://dappradar.com/deeplink/9513
332,Citadel Of The Machines,https://dappradar.com/deeplink/9439
333,WeMint Washington,https://dappradar.com/deeplink/9443
334,Weezer,https://dappradar.com/deeplink/6545
335,Blockchain Heroes,https://dappradar.com/deeplink/5808
336,The Horrors,https://dappradar.com/deeplink/5812
337,Deadmau5 NFTs,https://dappradar.com/deeplink/5813
338,DAO Turtles,https://dappradar.com/deeplink/9757
339,AtariNFT,https://dappradar.com/deeplink/5811
340,Dark Country,https://dappradar.com/deeplink/3087
341,Choadz,https://dappradar.com/deeplink/9946
342,Fewmans,https://dappradar.com/deeplink/9183
343,Feudalz,https://dappradar.com/deeplink/10993
344,Chibi Apes,https://dappradar.com/deeplink/9180
345,Fatales,https://dappradar.com/deeplink/8942
346,Fast Food Nouns,https://dappradar.com/deeplink/10024
347,F1 Delta Time,https://dappradar.com/deeplink/1526
348,Axolittles,https://dappradar.com/deeplink/9122
349,Chain Saw,https://dappradar.com/deeplink/9783
350,Abstract Loot,https://dappradar.com/deeplink/9000
351,EvoSnails NFT,https://dappradar.com/deeplink/11032
352,Euler Beats,https://dappradar.com/deeplink/5722
353,Euler Beats,https://dappradar.com/deeplink/5722
354,Cats - 83e1HBCA35,https://dappradar.com/deeplink/9684
355,Avid Lines,https://dappradar.com/deeplink/8990
356,Ethermonkeys,https://dappradar.com/deeplink/9981
357,Avarik Saga Universe,https://dappradar.com/deeplink/9514
358,Ember Sword,https://dappradar.com/deeplink/7059
359,Burnables NFT,https://dappradar.com/deeplink/10027
360,Dreamers by Yugal,https://dappradar.com/deeplink/14297
361,Brush Strokes by 0xCulture,https://dappradar.com/deeplink/10099
362,Dragon Warrior Plus,https://dappradar.com/deeplink/9517
363,0xVampire Project,https://dappradar.com/deeplink/9314
364,BroadcastersNFT,https://dappradar.com/deeplink/9459
365,Art Wars | AW,https://dappradar.com/deeplink/10697
366,Artvatars,https://dappradar.com/deeplink/6379
367,Doodle Kongz,https://dappradar.com/deeplink/11979
368,Al Cabones,https://dappradar.com/deeplink/8937
369,DinoBabies,https://dappradar.com/deeplink/12340
370,Akumu Dragonz,https://dappradar.com/deeplink/16667
371,Akumu Dragonz,https://dappradar.com/deeplink/16667
372,Akumu Dragonz,https://dappradar.com/deeplink/16667
373,dGenesis dGen Automatons,https://dappradar.com/deeplink/9260
374,Bored Ape Chemistry Club,https://dappradar.com/deeplink/8877
375,Degens Farm,https://dappradar.com/deeplink/7377
376,Deep Space Explorer,https://dappradar.com/deeplink/9397
377,Decentraland,https://dappradar.com/deeplink/244
378,Deafbeef V2,https://dappradar.com/deeplink/7975
379,Arcadenft,https://dappradar.com/deeplink/9794
380,ArcadeNFT,https://dappradar.com/deeplink/9794
381,Bloot (not for Weaks),https://dappradar.com/deeplink/9072
382,Dark Horizon,https://dappradar.com/deeplink/10068
383,AI Pixel Buddies,https://dappradar.com/deeplink/9412
384,KinesisArt,https://dappradar.com/deeplink/9315
385,Blockchain Miners Club Official,https://dappradar.com/deeplink/11204
386,Blockchain Miners Club Official,https://dappradar.com/deeplink/11204
387,Jadu Jetpack,https://dappradar.com/deeplink/9336
388,888 inner circle,https://dappradar.com/deeplink/9179
389,KuddlyKoalas,https://dappradar.com/deeplink/9792
390,888 inner circle,https://dappradar.com/deeplink/9179
391,Blockchain Bikers,https://dappradar.com/deeplink/8891
392,Land DAO Genesis,https://dappradar.com/deeplink/9552
393,Blockchain Bikers,https://dappradar.com/deeplink/8891
394,Blockchain Bikers,https://dappradar.com/deeplink/8891
395,lobsterdao,https://dappradar.com/deeplink/9947
396,Blitmap,https://dappradar.com/deeplink/8889
397,Pythagorean Masks,https://dappradar.com/deeplink/9284
398,Quadrums,https://dappradar.com/deeplink/9335
399,Raini: The Lords Of Light,https://dappradar.com/deeplink/9461
400,Rebel Seals Club,https://dappradar.com/deeplink/9986
401,Revenants by Alethea AI,https://dappradar.com/deeplink/10158
402,Rings Genesis,https://dappradar.com/deeplink/10326
403,Role for Metaverse,https://dappradar.com/deeplink/9118
407,Samot Club,https://dappradar.com/deeplink/10324
408,Savage Droids SD888,https://dappradar.com/deeplink/9151
409,Schroot,https://dappradar.com/deeplink/10067
410,Settlements,https://dappradar.com/deeplink/9057
411,William Shatner,https://dappradar.com/deeplink/4085
412,Sonar Moji,https://dappradar.com/deeplink/10236
413,Sora's DreamworId,https://dappradar.com/deeplink/9942
414,Space Capsules,https://dappradar.com/deeplink/9828
415,Spirit Orb Pets v0,https://dappradar.com/deeplink/9633
416,Spooky Boys Mansion Party,https://dappradar.com/deeplink/12348
417,Shiba Social Club,https://dappradar.com/deeplink/12344
418,StackedToadz,https://dappradar.com/deeplink/9791
419,Strawberries V3,https://dappradar.com/deeplink/10066
420,Substrata,https://dappradar.com/deeplink/8879
421,-SUBTRACTION-,https://dappradar.com/deeplink/11973
422,SUPERPLASTIC: SUPERGUCCI,https://dappradar.com/deeplink/13372
423,Synthetic Dreams by Refik Anadol,https://dappradar.com/deeplink/11197
424,The 140 Collection by Twitter,https://dappradar.com/deeplink/9505
425,The Adventurer's Guild,https://dappradar.com/deeplink/9784
426,the#boi,https://dappradar.com/deeplink/9512
427,The Evolving Forest,https://dappradar.com/deeplink/10062
428,The Glitches NFT,https://dappradar.com/deeplink/9462
429,Lonely Frog Lambo Club,https://dappradar.com/deeplink/9943
430,The Mike Tyson NFT Collection,https://dappradar.com/deeplink/8988
431,The Moon Boyz,https://dappradar.com/deeplink/9393
432,The n project,https://dappradar.com/deeplink/9061
433,The Tokyo Ten,https://dappradar.com/deeplink/10028
434,ThorGuards,https://dappradar.com/deeplink/10696
435,Tom Sachs Rocket Factory,https://dappradar.com/deeplink/14784
436,Tom Sachs: ROCKET FACTORY PATCHES,https://dappradar.com/deeplink/10390
437,Transponders,https://dappradar.com/deeplink/9830
438,Travel Tiger Club,https://dappradar.com/deeplink/13720
439,TribesOfOgun,https://dappradar.com/deeplink/9944
440,Truchet Styles,https://dappradar.com/deeplink/9390
441,Two Bit Bears,https://dappradar.com/deeplink/10098
442,United Metaverse Nation,https://dappradar.com/deeplink/9401
443,uunicorns,https://dappradar.com/deeplink/9250
444,WhattyClub,https://dappradar.com/deeplink/10341
445,Winter Bears,https://dappradar.com/deeplink/9625
446,Wixa,https://dappradar.com/deeplink/9789
447,Wizards & Dragons Game,https://dappradar.com/deeplink/11871
448,Wonky Stonks,https://dappradar.com/deeplink/10389
449,Wooshi World Collection,https://dappradar.com/deeplink/9938
450,Wrapped PixelMap,https://dappradar.com/deeplink/9248
451,Yolo Dice,https://dappradar.com/deeplink/9509
452,YOUNG & SICK,https://dappradar.com/deeplink/8998
453,Yung Ape Squad Official,https://dappradar.com/deeplink/12622
454,Z-Huge by MountVitruvius,https://dappradar.com/deeplink/10328
455,ZombieToadz,https://dappradar.com/deeplink/9750
456,0xmons,https://dappradar.com/deeplink/9410
457,0xVampire Project,https://dappradar.com/deeplink/9314
458,3Words V2,https://dappradar.com/deeplink/9411
459,888 inner circle,https://dappradar.com/deeplink/9179
460,Abstract Loot,https://dappradar.com/deeplink/9000
461,Adventure Cards,https://dappradar.com/deeplink/9460
462,Aether,https://dappradar.com/deeplink/9258
463,Afro Droids,https://dappradar.com/deeplink/9416
464,AFTERORDER,https://dappradar.com/deeplink/9159
465,AI Pixel Buddies,https://dappradar.com/deeplink/9412
466,Al Cabones,https://dappradar.com/deeplink/8937
467,Angry Apes United,https://dappradar.com/deeplink/10690
468,Angry Boars,https://dappradar.com/deeplink/9508
469,Animal Coloring Book,https://dappradar.com/deeplink/8994
470,Animal Society V2,https://dappradar.com/deeplink/10234
471,AnRKey X,https://dappradar.com/deeplink/5792
472,APE DAO REMIX!,https://dappradar.com/deeplink/9396
473,ArcadeNFT,https://dappradar.com/deeplink/9794
474,ArcadeNFT,https://dappradar.com/deeplink/9794
475,Artvatars,https://dappradar.com/deeplink/6379
476,Art Wars | AW,https://dappradar.com/deeplink/10697
477,Avarik Saga Universe,https://dappradar.com/deeplink/9514
478,Avid Lines,https://dappradar.com/deeplink/8990
479,Axolittles,https://dappradar.com/deeplink/9122
480,Bad Bunnies NFT,https://dappradar.com/deeplink/9391
481,Bamboozlers,https://dappradar.com/deeplink/9933
482,BasementDwellers V2,https://dappradar.com/deeplink/9987
483,Bitcoin Origins,https://dappradar.com/deeplink/5809
484,Bit Monsters V2,https://dappradar.com/deeplink/11037
485,Blitmap,https://dappradar.com/deeplink/8889
486,Blockchain Bikers,https://dappradar.com/deeplink/8891
487,Blockchain Miners Club Official,https://dappradar.com/deeplink/11204
488,Bloot (not for Weaks),https://dappradar.com/deeplink/9072
489,Bored Ape Chemistry Club,https://dappradar.com/deeplink/8877
490,BroadcastersNFT,https://dappradar.com/deeplink/9459
491,Brush Strokes by 0xCulture,https://dappradar.com/deeplink/10099
492,Burnables NFT,https://dappradar.com/deeplink/10027
493,Cats - 83e1HBCA35,https://dappradar.com/deeplink/9684
494,Chain Saw,https://dappradar.com/deeplink/9783
495,Chibi Apes,https://dappradar.com/deeplink/9180
496,Choadz,https://dappradar.com/deeplink/9946
497,Akumu Dragonz,https://dappradar.com/deeplink/16667
498,CryptoCats,https://dappradar.com/deeplink/41
499,Crypto Gem Alliance,https://dappradar.com/deeplink/9319
500,CryptoHoots Steampunk Parliament,https://dappradar.com/deeplink/9755
501,CryptoPolz,https://dappradar.com/deeplink/10162
502,Crypto Punks 2,https://dappradar.com/deeplink/10174
503,CryptoZombiez NFT,https://dappradar.com/deeplink/10330
504,Cupcats Official,https://dappradar.com/deeplink/9386
505,Dark Horizon,https://dappradar.com/deeplink/10068
506,Deafbeef V2,https://dappradar.com/deeplink/7975
507,Decentraland,https://dappradar.com/deeplink/244
508,Deep Space Explorer,https://dappradar.com/deeplink/9397
509,Degens Farm,https://dappradar.com/deeplink/7377
510,dGenesis dGen Automatons,https://dappradar.com/deeplink/9260
511,Akumu Dragonz,https://dappradar.com/deeplink/16667
512,Akumu Dragonz,https://dappradar.com/deeplink/16667
513,Akumu Dragonz,https://dappradar.com/deeplink/16667
514,DinoBabies,https://dappradar.com/deeplink/12340
515,Doodle Kongz,https://dappradar.com/deeplink/11979
516,Dragon Warrior Plus,https://dappradar.com/deeplink/9517
517,Dreamers by Yugal,https://dappradar.com/deeplink/14297
518,Ember Sword,https://dappradar.com/deeplink/7059
519,Ethermonkeys,https://dappradar.com/deeplink/9981
520,Euler Beats,https://dappradar.com/deeplink/5722
521,Euler Beats,https://dappradar.com/deeplink/5722
522,EvoSnails NFT,https://dappradar.com/deeplink/11032
523,F1 Delta Time,https://dappradar.com/deeplink/1526
524,Fast Food Nouns,https://dappradar.com/deeplink/10024
525,Fatales,https://dappradar.com/deeplink/8942
526,Feudalz,https://dappradar.com/deeplink/10993
527,Fewmans,https://dappradar.com/deeplink/9183
528,Fox Game Official,https://dappradar.com/deeplink/11274
529,Frogs In Disguise,https://dappradar.com/deeplink/9251
530,FusionApes,https://dappradar.com/deeplink/9071
531,Fu Xi,https://dappradar.com/deeplink/9341
532,Gambling Apes Official,https://dappradar.com/deeplink/9092
533,GenHall,https://dappradar.com/deeplink/9283
534,GenX by HOK,https://dappradar.com/deeplink/9632
535,GOOP TROOP,https://dappradar.com/deeplink/9825
536,GoPepe,https://dappradar.com/deeplink/4390
537,Grails by PROOF Collective,https://dappradar.com/deeplink/14295
538,GRILLZ GANG,https://dappradar.com/deeplink/9561
539,Gutter Cat Gang,https://dappradar.com/deeplink/8890
540,Gutter Species Mint Pass,https://dappradar.com/deeplink/9065
541,HalloweenBears,https://dappradar.com/deeplink/10022
542,Hashes,https://dappradar.com/deeplink/9826
543,HeadDAO,https://dappradar.com/deeplink/10157
544,HeroCatGamefi,https://dappradar.com/deeplink/9969
545,Heroes of Evermore,https://dappradar.com/deeplink/9131
546,HIDDEN IN NOISE,https://dappradar.com/deeplink/10020
547,HodlGod,https://dappradar.com/deeplink/6145
548,Hor1zon troopers,https://dappradar.com/deeplink/10694
549,House of Goblins,https://dappradar.com/deeplink/10339
550,IKB Cachet de Garantie,https://dappradar.com/deeplink/10160
551,Impermanent Digital,https://dappradar.com/deeplink/9400
552,Incognito,https://dappradar.com/deeplink/8898
553,INFAMOUSSKULLZ,https://dappradar.com/deeplink/9753
554,Jadu Jetpack,https://dappradar.com/deeplink/9336
555,JPEG Cards,https://dappradar.com/deeplink/14025
556,CyberKongz,https://dappradar.com/deeplink/8902
557,Decentraland,https://dappradar.com/deeplink/244
558,NBA TopShot,https://dappradar.com/deeplink/5551
559,VeeFriends Series 2,https://dappradar.com/deeplink/15857
560,mfers,https://dappradar.com/deeplink/13905
561,Wolf Game,https://dappradar.com/deeplink/10990
562,ASM AIFA Genesis,https://dappradar.com/deeplink/10233
563,Project NANOPASS,https://dappradar.com/deeplink/12338
564,Ragnarok,https://dappradar.com/deeplink/15810
565,NFT Worlds,https://dappradar.com/deeplink/11873
567,hausphases by Haus,https://dappradar.com/deeplink/15058
568,Worldwide Webb Land,https://dappradar.com/deeplink/11187
569,Habbo Avatars,https://dappradar.com/deeplink/9624
570,SolanaMonkeyBusiness,https://dappradar.com/deeplink/13476
571,CatBlox Genesis Collection,https://dappradar.com/deeplink/14023
572,Arcade Land,https://dappradar.com/deeplink/15061
573,MURI by Haus,https://dappradar.com/deeplink/15057
574,Akumu Dragonz,https://dappradar.com/deeplink/16667
575,Poolsuite - Executive Member,https://dappradar.com/deeplink/11196
576,Impact Theory Founder's Key,https://dappradar.com/deeplink/10061
577,Claylings,https://dappradar.com/deeplink/9388
578,Decentraland,https://dappradar.com/deeplink/244
579,Knights of Degen,https://dappradar.com/deeplink/9464
583,Dapper Dinos,https://dappradar.com/deeplink/9310
584,OctoHedz Reloaded,https://dappradar.com/deeplink/10337
585,Generative Masks,https://dappradar.com/deeplink/8671
586,SPunks,https://dappradar.com/deeplink/8721
587,MUTANT PUNKS CITY,https://dappradar.com/deeplink/10693
588,Winter Bears,https://dappradar.com/deeplink/9625
589,Rookie League,https://dappradar.com/deeplink/9121
590,Saconi Holmovimiento,https://dappradar.com/deeplink/9399
591,SameToadz,https://dappradar.com/deeplink/9829
