,links
0,https://dappradar.com/ethereum/other/ethereum-name-service
1,https://dappradar.com/ethereum/collectibles/bored-ape-yacht-club
2,https://dappradar.com/ethereum/collectibles/mutant-ape-yacht-club
3,https://dappradar.com/ethereum/collectibles/moonbirds
4,https://dappradar.com/ethereum/collectibles/otherdeed-for-otherside
5,https://dappradar.com/ethereum/collectibles/clone-x-x-takashi-murakami
6,https://dappradar.com/ethereum/collectibles/art-blocks
7,https://dappradar.com/ethereum/collectibles/doodles
8,https://dappradar.com/ethereum/collectibles/cryptopunks
9,https://dappradar.com/ethereum/collectibles/azuki
10,https://dappradar.com/ethereum/collectibles/autoglyphs
11,https://dappradar.com/ethereum/collectibles/moonbirds-oddities
12,https://dappradar.com/multichain/games/axie-infinity
13,https://dappradar.com/ethereum/collectibles/goblintown
14,https://dappradar.com/binance-smart-chain/games/mobox-nft-farmer
15,https://dappradar.com/ethereum/collectibles/cyber-kongz
16,https://dappradar.com/ethereum/marketplaces/decentraland
17,https://dappradar.com/flow/collectibles/nba-topshot
18,https://dappradar.com/ethereum/collectibles/io-imaginary-ones
19,https://dappradar.com/ethereum/collectibles/zipcy-s-supernormal
20,https://dappradar.com/ethereum/collectibles/emblem-finance
21,https://dappradar.com/ethereum/collectibles/bored-ape-kennel-club
22,https://dappradar.com/ethereum/collectibles/my-pet-hooligan
23,https://dappradar.com/ethereum/marketplaces/the-sandbox-marketplace
24,https://dappradar.com/ethereum/collectibles/metahero-universe-generative-identities
25,https://dappradar.com/ethereum/collectibles/punks-comic
26,https://dappradar.com/ethereum/collectibles/murakami-flowers-official
27,https://dappradar.com/ethereum/collectibles/fluf-world
28,https://dappradar.com/ethereum/collectibles/mcgoblin-wtf
29,https://dappradar.com/ethereum/collectibles/meebits
30,https://dappradar.com/ethereum/collectibles/bobo-degen-apocalypse
31,https://dappradar.com/ethereum/collectibles/rektguy
32,https://dappradar.com/ethereum/collectibles/admit-one
33,https://dappradar.com/ethereum/collectibles/chimpers
34,https://dappradar.com/ethereum/collectibles/adidas-originals-into-the-metaverse
35,https://dappradar.com/ethereum/collectibles/veefriends-series-2
36,https://dappradar.com/ethereum/collectibles/mfers
37,https://dappradar.com/ethereum/collectibles/wolf-game
38,https://dappradar.com/ethereum/collectibles/rtfkt-x-nike-monolith
39,https://dappradar.com/ethereum/collectibles/curio-cards
40,https://dappradar.com/ethereum/collectibles/damien-hirst-the-currency
41,https://dappradar.com/ethereum/collectibles/sneaker-heads-official
42,https://dappradar.com/ethereum/collectibles/quirkies-originals
43,https://dappradar.com/ethereum/collectibles/cool-cats
44,https://dappradar.com/ethereum/marketplaces/superrare
45,https://dappradar.com/ethereum/collectibles/parallel-alpha
46,https://dappradar.com/ethereum/collectibles/pudgy-penguins
47,https://dappradar.com/ethereum/collectibles/cryptoadz-by-gremplin
48,https://dappradar.com/ethereum/collectibles/world-of-women-galaxy
49,https://dappradar.com/ethereum/collectibles/rtfkt-skin-vial-evo-x
50,https://dappradar.com/ethereum/collectibles/ethlizards
51,https://dappradar.com/tezos/marketplaces/hic-et-nunc
52,https://dappradar.com/ethereum/collectibles/invisible-friends
53,https://dappradar.com/ethereum/collectibles/sappy-seals
54,https://dappradar.com/ethereum/collectibles/psychedelics-anonymous-genesis
55,https://dappradar.com/polygon/games/aavegotchi
56,https://dappradar.com/ethereum/collectibles/kaiju-kingz
57,https://dappradar.com/ethereum/collectibles/lazy-lions
58,https://dappradar.com/ethereum/collectibles/3landers
59,https://dappradar.com/ethereum/games/asm-aifa-genesis
60,https://dappradar.com/ethereum/collectibles/project-nanopass
61,https://dappradar.com/ethereum/games/ragnarok
62,https://dappradar.com/ethereum/collectibles/degen-toonz-collection
63,https://dappradar.com/ethereum/collectibles/phantabear
64,https://dappradar.com/ethereum/collectibles/hape-prime
65,https://dappradar.com/ethereum/collectibles/treeverse
66,https://dappradar.com/ethereum/collectibles/coolman-s-universe
67,https://dappradar.com/ethereum/collectibles/world-of-women
68,https://dappradar.com/ethereum/collectibles/alien-frens
69,https://dappradar.com/ethereum/collectibles/deadfellaz
70,https://dappradar.com/ethereum/collectibles/akutars
71,https://dappradar.com/ethereum/games/nft-worlds
72,https://dappradar.com/multichain/games/megacryptopolis
73,https://dappradar.com/ethereum/collectibles/rtfkt-x-nike-dunk-genesis-cryptokicks
74,https://dappradar.com/ethereum/collectibles/gen-art
75,https://dappradar.com/ethereum/collectibles/llamaverse-genesis
76,https://dappradar.com/ethereum/collectibles/veefriends
77,https://dappradar.com/ethereum/collectibles/rumble-kong-league
78,https://dappradar.com/wax/games/alien-worlds
79,https://dappradar.com/wax/collectibles/topps-mlb
80,https://dappradar.com/ethereum/collectibles/cool-pets-nft
81,https://dappradar.com/ethereum/collectibles/forgotten-runes
82,https://dappradar.com/ethereum/collectibles/karafuru
83,https://dappradar.com/ethereum/collectibles/bubblegum-kids
84,https://dappradar.com/ethereum/collectibles/metroverse
85,https://dappradar.com/ethereum/collectibles/shiboshis
86,https://dappradar.com/ethereum/collectibles/onchainmonkey
87,https://dappradar.com/ethereum/collectibles/bastard-gan-punks-v2
88,https://dappradar.com/ethereum/collectibles/adam-bomb-squad
89,https://dappradar.com/ethereum/collectibles/10ktf
90,https://dappradar.com/ethereum/collectibles/cyberkongs-vx
91,https://dappradar.com/ethereum/collectibles/hausphases-by-haus
92,https://dappradar.com/ethereum/collectibles/worldwide-webb-land
93,https://dappradar.com/ethereum/collectibles/habbo-avatars
94,https://dappradar.com/solana/collectibles/solanamonkeybusiness
95,https://dappradar.com/ethereum/collectibles/catblox-genesis-collection
96,https://dappradar.com/ethereum/collectibles/arcade-land
97,https://dappradar.com/ethereum/collectibles/muri-by-haus
98,https://dappradar.com/multichain/games/decentral-games
99,https://dappradar.com/ethereum/collectibles/goblinai
100,https://dappradar.com/ethereum/games/sidus-nft-heroes
101,https://dappradar.com/ethereum/collectibles/cryptomories
102,https://dappradar.com/ethereum/collectibles/akumu-dragonz
103,https://dappradar.com/ethereum/collectibles/poolsuite-executive-member
104,https://dappradar.com/ethereum/collectibles/impact-theory-founder-s-key
105,https://dappradar.com/ethereum/collectibles/galaxy-fight-club
106,https://dappradar.com/ethereum/collectibles/the-doggies-snoop-dogg
107,https://dappradar.com/ethereum/marketplaces/foundation
108,https://dappradar.com/ethereum/collectibles/apocalyptic-apes
109,https://dappradar.com/ethereum/collectibles/max-pain-and-frens-by-xcopy
110,https://dappradar.com/ethereum/collectibles/mutantcats
111,https://dappradar.com/ethereum/collectibles/vox-collectibles
112,https://dappradar.com/wax/games/blockchain-brawlers
113,https://dappradar.com/ethereum/games/mooncatrescue
114,https://dappradar.com/ethereum/collectibles/supducks
115,https://dappradar.com/ethereum/collectibles/mekaverse
116,https://dappradar.com/ethereum/collectibles/akumu-dragonz
117,https://dappradar.com/ethereum/collectibles/boss-beauties
118,https://dappradar.com/ethereum/collectibles/cryptodickbutts
119,https://dappradar.com/ethereum/collectibles/unseen-universe
120,https://dappradar.com/ethereum/collectibles/tubby-cats-by-tubby-collective
121,https://dappradar.com/ethereum/collectibles/crypto-chicks
122,https://dappradar.com/ethereum/collectibles/lonely-alien-space-club
123,https://dappradar.com/ethereum/collectibles/creature-world-nft
124,https://dappradar.com/ethereum/collectibles/cryptovoxels
125,https://dappradar.com/ethereum/collectibles/lostpoets
126,https://dappradar.com/ethereum/collectibles/the-uncanny-country-club
127,https://dappradar.com/ethereum/collectibles/killer-gf
128,https://dappradar.com/ethereum/collectibles/ape-reunion
129,https://dappradar.com/ethereum/collectibles/capsule-house
130,https://dappradar.com/ethereum/collectibles/robotos-official
131,https://dappradar.com/ethereum/collectibles/eightbit-me
132,https://dappradar.com/ethereum/games/frontier-game
133,https://dappradar.com/ethereum/collectibles/fvck-crystal
134,https://dappradar.com/ethereum/collectibles/terraforms-by-mathcastles
135,https://dappradar.com/ethereum/collectibles/0n1-force
136,https://dappradar.com/ethereum/collectibles/fragments-by-james-jean
137,https://dappradar.com/ethereum/collectibles/chain-runners-nft
138,https://dappradar.com/ethereum/games/voxies
139,https://dappradar.com/ethereum/collectibles/timeless-nfts
140,https://dappradar.com/ethereum/collectibles/prime-ape-planet-pap
141,https://dappradar.com/ethereum/collectibles/hashmasks
142,https://dappradar.com/waves/games/waves-ducks
143,https://dappradar.com/ethereum/collectibles/punkscapes
144,https://dappradar.com/ethereum/collectibles/the-littles-nft
145,https://dappradar.com/ethereum/collectibles/you-by-bff
146,https://dappradar.com/ethereum/collectibles/stoner-cats
147,https://dappradar.com/ethereum/collectibles/rtfkt-capsule-space-drip-1-2
148,https://dappradar.com/ethereum/collectibles/bearmarketbears
149,https://dappradar.com/ethereum/collectibles/desperate-apewives
150,https://dappradar.com/ethereum/collectibles/infinites-ai
151,https://dappradar.com/ethereum/collectibles/dysto-apez-official
152,https://dappradar.com/ethereum/collectibles/lil-pudgys
153,https://dappradar.com/ethereum/collectibles/quantum-curated
154,https://dappradar.com/ethereum/collectibles/wonderpals
155,https://dappradar.com/ethereum/collectibles/guardians-of-the-metaverse
156,https://dappradar.com/ethereum/collectibles/dolce-gabbana-dgfamily-glass-box
157,https://dappradar.com/ethereum/collectibles/linksdao
158,https://dappradar.com/ethereum/collectibles/dentedfeelsnft
159,https://dappradar.com/ethereum/collectibles/veecon-tickets
160,https://dappradar.com/ethereum/collectibles/lives-of-asuna
161,https://dappradar.com/ethereum/collectibles/theheartproject
162,https://dappradar.com/ethereum/collectibles/first-first-nfts
163,https://dappradar.com/polygon/collectibles/derace-horses
164,https://dappradar.com/ethereum/collectibles/pancakeswap-squad
165,https://dappradar.com/ethereum/collectibles/starcatchers
166,https://dappradar.com/ethereum/collectibles/probably-nothing-genesis
167,https://dappradar.com/ethereum/games/somnium-space
168,https://dappradar.com/ethereum/games/farm-land-by-pixels
169,https://dappradar.com/ethereum/marketplaces/rarible
170,https://dappradar.com/ethereum/collectibles/raidparty-heroes
171,https://dappradar.com/ethereum/collectibles/mad-rabbits-riot-club
172,https://dappradar.com/ethereum/collectibles/crypto-bull-society
173,https://dappradar.com/ethereum/collectibles/dystopunks-v2
174,https://dappradar.com/ethereum/collectibles/foxfam
175,https://dappradar.com/ethereum/collectibles/slotie-nft
176,https://dappradar.com/ethereum/collectibles/the-lunartics
177,https://dappradar.com/ethereum/collectibles/claylings
178,https://dappradar.com/ethereum/marketplaces/decentraland
179,https://dappradar.com/ethereum/collectibles/knights-of-degen
180,https://dappradar.com/ethereum/collectibles/gevols
181,https://dappradar.com/ethereum/collectibles/the-goobers
182,https://dappradar.com/ethereum/collectibles/wall-st-bulls
183,https://dappradar.com/ethereum/collectibles/loot
184,https://dappradar.com/ethereum/games/sipherian-surge
185,https://dappradar.com/ethereum/collectibles/dope-wars-loot
186,https://dappradar.com/ethereum/collectibles/marscatsvoyage
187,https://dappradar.com/ethereum/collectibles/sneaky-vampire-syndicate
188,https://dappradar.com/ethereum/collectibles/bricktopians
189,https://dappradar.com/wax/collectibles/splinterlands-wax
190,https://dappradar.com/ethereum/collectibles/the-cryptodads
191,https://dappradar.com/ethereum/collectibles/noodles
192,https://dappradar.com/ethereum/collectibles/women-and-weapons
193,https://dappradar.com/ethereum/collectibles/the-meta-key
194,https://dappradar.com/ethereum/collectibles/timepiece-community
195,https://dappradar.com/ethereum/collectibles/b-apetaverse
196,https://dappradar.com/ethereum/collectibles/chainfaces-arena
197,https://dappradar.com/ethereum/collectibles/genzee
198,https://dappradar.com/ethereum/collectibles/tiki-bar
199,https://dappradar.com/ethereum/collectibles/cryptomutts
200,https://dappradar.com/ethereum/collectibles/neo-tokyo-identities
201,https://dappradar.com/ethereum/collectibles/bitcoinbillionaires
202,https://dappradar.com/ethereum/collectibles/anonymice
203,https://dappradar.com/ethereum/collectibles/crazyskullznft
204,https://dappradar.com/ethereum/collectibles/swampverse
205,https://dappradar.com/wax/collectibles/topps-gpk
206,https://dappradar.com/ethereum/collectibles/genesis-bloodshed-bears
207,https://dappradar.com/ethereum/collectibles/kiwami-genesis
208,https://dappradar.com/ethereum/collectibles/etholvants
209,https://dappradar.com/ethereum/collectibles/exclusible-alpha
210,https://dappradar.com/ethereum/collectibles/wicked-craniums
211,https://dappradar.com/ethereum/collectibles/the-humanoids
212,https://dappradar.com/ethereum/collectibles/gen-art-drop-collection
213,https://dappradar.com/ethereum/collectibles/curiositiesnft
214,https://dappradar.com/ethereum/collectibles/cryptorastas
215,https://dappradar.com/ethereum/collectibles/video-game-dev-squad
216,https://dappradar.com/ethereum/collectibles/jpg-people-by-debbie-tea
217,https://dappradar.com/ethereum/collectibles/creaturetoadz
218,https://dappradar.com/ethereum/collectibles/the-wild-bunch-official
219,https://dappradar.com/ethereum/collectibles/akuma-origins
220,https://dappradar.com/ethereum/collectibles/the-vogu-collective
221,https://dappradar.com/binance-smart-chain/high-risk/knightdoge
222,https://dappradar.com/ethereum/collectibles/galacticapes
223,https://dappradar.com/ethereum/games/cryptokitties
224,https://dappradar.com/ethereum/collectibles/smallbrosnft
225,https://dappradar.com/ethereum/collectibles/boonji-project
226,https://dappradar.com/ethereum/collectibles/animetas
227,https://dappradar.com/ethereum/collectibles/magic-mushroom-clubhouse
228,https://dappradar.com/binance-smart-chain/defi/pancakeswap
229,https://dappradar.com/ethereum/collectibles/galaxy-eggs
230,https://dappradar.com/ethereum/collectibles/eponym-by-art-ai
231,https://dappradar.com/ethereum/collectibles/cyber-gorillas-official
232,https://dappradar.com/ethereum/collectibles/kumo-x-world-residents
233,https://dappradar.com/ethereum/collectibles/soldiers-of-the-metaverse
234,https://dappradar.com/ethereum/collectibles/peaceful-groupies-v2
235,https://dappradar.com/ethereum/collectibles/divine-anarchy
236,https://dappradar.com/ethereum/collectibles/womenrise
237,https://dappradar.com/ethereum/collectibles/kcg
238,https://dappradar.com/ethereum/collectibles/fang-gang
239,https://dappradar.com/ethereum/collectibles/sneaky-bat-syndicate
240,https://dappradar.com/ethereum/games/illuvium
241,https://dappradar.com/ethereum/collectibles/rare-land-nft
242,https://dappradar.com/ethereum/collectibles/superlative-secret-society
243,https://dappradar.com/ethereum/collectibles/jungle-freaks
244,https://dappradar.com/ethereum/collectibles/gh0stly-gh0sts
245,https://dappradar.com/ethereum/games/northern-guilds
246,https://dappradar.com/ethereum/collectibles/waifusion
247,https://dappradar.com/ethereum/collectibles/wicked-ape-bone-club
248,https://dappradar.com/ethereum/collectibles/rrmayc
249,https://dappradar.com/ethereum/collectibles/critterz-genesis
250,https://dappradar.com/ethereum/collectibles/ape-kids-club-akc
251,https://dappradar.com/ethereum/games/nifty-league-degens
252,https://dappradar.com/ethereum/collectibles/metaverse-travel-agency-metahelmet
253,https://dappradar.com/wax/games/kogs
254,https://dappradar.com/ethereum/collectibles/roaring-leaders
255,https://dappradar.com/ethereum/collectibles/avastars
256,https://dappradar.com/wax/games/r-planet
257,https://dappradar.com/other/collectibles/phantom-galaxies-origin
258,https://dappradar.com/ethereum/collectibles/crypto-tech-women
259,https://dappradar.com/ethereum/collectibles/the-sevens-official
260,https://dappradar.com/ethereum/collectibles/og-crystals
261,https://dappradar.com/ethereum/collectibles/party-degenerates
262,https://dappradar.com/ethereum/collectibles/metasaurs-by-dr-dmt
263,https://dappradar.com/ethereum/collectibles/gauntlets
264,https://dappradar.com/ethereum/collectibles/rugradio-genesis-nft
265,https://dappradar.com/ethereum/collectibles/top-dog-beach-club
266,https://dappradar.com/polygon/games/revv-racing
267,https://dappradar.com/ethereum/marketplaces/airnfts
268,https://dappradar.com/wax/games/farmers-world
269,https://dappradar.com/ethereum/collectibles/merge
270,https://dappradar.com/ethereum/collectibles/the-yakuza-cats-society
271,https://dappradar.com/ethereum/collectibles/kingfrogs
272,https://dappradar.com/ethereum/collectibles/doge-pound-puppies
273,https://dappradar.com/ethereum/collectibles/raidparty-fighters
274,https://dappradar.com/ethereum/collectibles/crypto-hobos
275,https://dappradar.com/binance-smart-chain/collectibles/cryptozoo
276,https://dappradar.com/ethereum/collectibles/noundles
277,https://dappradar.com/wax/collectibles/upland-collectibles
278,https://dappradar.com/wax/games/green-rabbit-game
279,https://dappradar.com/ethereum/collectibles/fast-food-frens-collection
280,https://dappradar.com/ethereum/collectibles/spacepunksclub
281,https://dappradar.com/ethereum/collectibles/2-2-genesis
282,https://dappradar.com/ethereum/collectibles/cryptofoxes
283,https://dappradar.com/ethereum/collectibles/society-of-derivative-apes
284,https://dappradar.com/ethereum/collectibles/nftheo
285,https://dappradar.com/ethereum/collectibles/non-fungible-people
286,https://dappradar.com/ethereum/collectibles/cyberbabies-io
287,https://dappradar.com/ethereum/collectibles/curious-addys-trading
288,https://dappradar.com/polygon/games/zed-run
289,https://dappradar.com/ethereum/collectibles/ethereals-wtf
290,https://dappradar.com/ethereum/collectibles/chill-frogs-nft
291,https://dappradar.com/ethereum/collectibles/the-official-surreals
292,https://dappradar.com/ethereum/collectibles/zombiecats
293,https://dappradar.com/ethereum/collectibles/dapper-dinos
294,https://dappradar.com/ethereum/collectibles/octohedz-reloaded
295,https://dappradar.com/ethereum/collectibles/generative-masks
296,https://dappradar.com/ethereum/collectibles/koala-intelligence-agency
297,https://dappradar.com/ethereum/collectibles/web3-name-service
298,https://dappradar.com/ethereum/collectibles/cyber-hornets-colony-club
299,https://dappradar.com/ethereum/collectibles/borpacasso
300,https://dappradar.com/ethereum/collectibles/omnimorphs-v2
301,https://dappradar.com/ethereum/collectibles/howlerz
302,https://dappradar.com/ethereum/collectibles/dotdotdots
303,https://dappradar.com/polygon/games/riot-racers
304,https://dappradar.com/ethereum/collectibles/house-of-legends
305,https://dappradar.com/ethereum/collectibles/the-real-goat-society
306,https://dappradar.com/ethereum/collectibles/bad-kids-alley-official
307,https://dappradar.com/ethereum/collectibles/cool-ape-club-official
308,https://dappradar.com/ethereum/collectibles/the-project-urs
309,https://dappradar.com/ethereum/collectibles/holy-cows
310,https://dappradar.com/ethereum/collectibles/super-shiba-club
311,https://dappradar.com/ethereum/collectibles/the-dreamers
312,https://dappradar.com/ethereum/collectibles/dirtybird-flight-club
313,https://dappradar.com/ethereum/collectibles/spooky-boys-country-club
314,https://dappradar.com/ethereum/collectibles/the-beeings
315,https://dappradar.com/ethereum/collectibles/loopy-donuts
316,https://dappradar.com/ethereum/collectibles/sympathyforthedevils
317,https://dappradar.com/ethereum/collectibles/the-wynlambo
318,https://dappradar.com/ethereum/collectibles/bear-game-nft
319,https://dappradar.com/ethereum/collectibles/onchain-seasides
320,https://dappradar.com/ethereum/collectibles/boringstone-genesis
321,https://dappradar.com/ethereum/collectibles/the-rogue-society
322,https://dappradar.com/ethereum/collectibles/fly-frogs
323,https://dappradar.com/binance-smart-chain/collectibles/spunks
324,https://dappradar.com/ethereum/collectibles/mutant-punks-city
325,https://dappradar.com/ethereum/collectibles/winter-bears
326,https://dappradar.com/ethereum/collectibles/2545-by-gr4y
327,https://dappradar.com/ethereum/collectibles/blankface
328,https://dappradar.com/ethereum/collectibles/fudfarm
329,https://dappradar.com/ethereum/collectibles/bobo-degen-apocalypse
330,https://dappradar.com/wax/collectibles/street-fighter
331,https://dappradar.com/ethereum/collectibles/evolved-apes-inc
332,https://dappradar.com/ethereum/games/citadel-of-the-machines
333,https://dappradar.com/ethereum/collectibles/wemint-washington
334,https://dappradar.com/wax/collectibles/weezer
335,https://dappradar.com/wax/collectibles/blockchain-heroes
336,https://dappradar.com/wax/collectibles/the-horrors
337,https://dappradar.com/wax/collectibles/deadmau5-nfts
338,https://dappradar.com/ethereum/collectibles/dao-turtles
339,https://dappradar.com/wax/collectibles/atarinft
340,https://dappradar.com/wax/games/dark-country
341,https://dappradar.com/ethereum/collectibles/choadz
342,https://dappradar.com/ethereum/collectibles/fewmans
343,https://dappradar.com/ethereum/collectibles/feudalz
344,https://dappradar.com/ethereum/collectibles/chibi-apes
345,https://dappradar.com/ethereum/collectibles/fatales
346,https://dappradar.com/ethereum/collectibles/fast-food-nouns
347,https://dappradar.com/ethereum/games/f1-delta-time
348,https://dappradar.com/ethereum/collectibles/axolittles
349,https://dappradar.com/ethereum/marketplaces/chain-saw
350,https://dappradar.com/ethereum/collectibles/abstract-loot
351,https://dappradar.com/ethereum/collectibles/evosnails-nft
352,https://dappradar.com/ethereum/collectibles/euler-beats
353,https://dappradar.com/ethereum/collectibles/euler-beats
354,https://dappradar.com/ethereum/collectibles/cats-83e1hbca35
355,https://dappradar.com/ethereum/collectibles/avid-lines
356,https://dappradar.com/ethereum/collectibles/ethermonkeys
357,https://dappradar.com/ethereum/games/avarik-saga-universe
358,https://dappradar.com/polygon/games/ember-sword
359,https://dappradar.com/ethereum/collectibles/burnables-nft
360,https://dappradar.com/ethereum/collectibles/dreamers-by-yugal
361,https://dappradar.com/ethereum/collectibles/brush-strokes-by-0xculture
362,https://dappradar.com/binance-smart-chain/games/dragon-warrior-plus
363,https://dappradar.com/ethereum/collectibles/0xvampire-project
364,https://dappradar.com/ethereum/collectibles/broadcastersnft
365,https://dappradar.com/ethereum/collectibles/art-wars-aw
366,https://dappradar.com/polygon/collectibles/artvatars
367,https://dappradar.com/ethereum/collectibles/doodle-kongz
368,https://dappradar.com/ethereum/collectibles/al-cabones
369,https://dappradar.com/ethereum/collectibles/dinobabies
370,https://dappradar.com/ethereum/collectibles/akumu-dragonz
371,https://dappradar.com/ethereum/collectibles/akumu-dragonz
372,https://dappradar.com/ethereum/collectibles/akumu-dragonz
373,https://dappradar.com/ethereum/collectibles/dgenesis-dgen-automatons
374,https://dappradar.com/ethereum/collectibles/bored-ape-chemistry-club
375,https://dappradar.com/ethereum/collectibles/degens-farm
376,https://dappradar.com/ethereum/collectibles/deep-space-explorer
377,https://dappradar.com/ethereum/marketplaces/decentraland
378,https://dappradar.com/ethereum/collectibles/deafbeef-v2
379,https://dappradar.com/ethereum/collectibles/arcadenft
380,https://dappradar.com/ethereum/collectibles/arcadenft
381,https://dappradar.com/ethereum/collectibles/bloot-not-for-weaks
382,https://dappradar.com/ethereum/collectibles/dark-horizon
383,https://dappradar.com/ethereum/collectibles/ai-pixel-buddies
384,https://dappradar.com/ethereum/collectibles/kinesisart
385,https://dappradar.com/ethereum/collectibles/blockchain-miners-club-official
386,https://dappradar.com/ethereum/collectibles/blockchain-miners-club-official
387,https://dappradar.com/ethereum/collectibles/jadu-jetpack
388,https://dappradar.com/ethereum/collectibles/888-inner-circle
389,https://dappradar.com/ethereum/collectibles/kuddlykoalas
390,https://dappradar.com/ethereum/collectibles/888-inner-circle
391,https://dappradar.com/ethereum/collectibles/blockchain-bikers
392,https://dappradar.com/ethereum/collectibles/land-dao-genesis
393,https://dappradar.com/ethereum/collectibles/blockchain-bikers
394,https://dappradar.com/ethereum/collectibles/blockchain-bikers
395,https://dappradar.com/ethereum/collectibles/lobsterdao
396,https://dappradar.com/ethereum/collectibles/blitmap
397,https://dappradar.com/ethereum/collectibles/pythagorean-masks
398,https://dappradar.com/ethereum/collectibles/quadrums
399,https://dappradar.com/ethereum/games/raini-the-lords-of-light
400,https://dappradar.com/ethereum/collectibles/rebel-seals-club
401,https://dappradar.com/ethereum/collectibles/revenants-by-alethea-ai
402,https://dappradar.com/ethereum/collectibles/rings-genesis
403,https://dappradar.com/ethereum/collectibles/role-for-metaverse
404,https://dappradar.com/ethereum/collectibles/rookie-league
405,https://dappradar.com/ethereum/collectibles/saconi-holmovimiento
406,https://dappradar.com/ethereum/collectibles/sametoadz
407,https://dappradar.com/ethereum/collectibles/samot-club
408,https://dappradar.com/ethereum/collectibles/savage-droids-sd888
409,https://dappradar.com/ethereum/collectibles/schroot
410,https://dappradar.com/ethereum/games/settlements
411,https://dappradar.com/wax/collectibles/william-shatner
412,https://dappradar.com/ethereum/games/sonar-moji
413,https://dappradar.com/ethereum/collectibles/sora-s-dreamworid
414,https://dappradar.com/ethereum/collectibles/space-capsules
415,https://dappradar.com/ethereum/games/spirit-orb-pets-v0
416,https://dappradar.com/ethereum/collectibles/spooky-boys-mansion-party
417,https://dappradar.com/ethereum/collectibles/shiba-social-club
418,https://dappradar.com/ethereum/collectibles/stackedtoadz
419,https://dappradar.com/ethereum/collectibles/strawberries-v3
420,https://dappradar.com/ethereum/collectibles/substrata
421,https://dappradar.com/ethereum/collectibles/subtraction
422,https://dappradar.com/ethereum/collectibles/superplastic-supergucci
423,https://dappradar.com/ethereum/collectibles/synthetic-dreams-by-refik-anadol
424,https://dappradar.com/ethereum/collectibles/the-140-collection-by-twitter
425,https://dappradar.com/wax/games/the-adventurer-s-guild
426,https://dappradar.com/ethereum/collectibles/the-boi
427,https://dappradar.com/ethereum/collectibles/the-evolving-forest
428,https://dappradar.com/ethereum/collectibles/the-glitches-nft
429,https://dappradar.com/ethereum/collectibles/lonely-frog-lambo-club
430,https://dappradar.com/ethereum/collectibles/the-mike-tyson-nft-collection
431,https://dappradar.com/ethereum/collectibles/the-moon-boyz
432,https://dappradar.com/ethereum/collectibles/the-n-project
433,https://dappradar.com/ethereum/collectibles/the-tokyo-ten
434,https://dappradar.com/ethereum/collectibles/thorguards
435,https://dappradar.com/ethereum/collectibles/tom-sachs-rocket-factory
436,https://dappradar.com/ethereum/collectibles/tom-sachs-rocket-factory-patches
437,https://dappradar.com/ethereum/collectibles/transponders
438,https://dappradar.com/ethereum/collectibles/travel-tiger-club
439,https://dappradar.com/ethereum/collectibles/tribesofogun
440,https://dappradar.com/ethereum/collectibles/truchet-styles
441,https://dappradar.com/ethereum/collectibles/two-bit-bears
442,https://dappradar.com/ethereum/collectibles/united-metaverse-nation
443,https://dappradar.com/ethereum/collectibles/uunicorns
444,https://dappradar.com/ethereum/collectibles/whattyclub
445,https://dappradar.com/ethereum/collectibles/winter-bears
446,https://dappradar.com/ethereum/collectibles/wixa
447,https://dappradar.com/ethereum/games/wizards-dragons-game
448,https://dappradar.com/ethereum/collectibles/wonky-stonks
449,https://dappradar.com/ethereum/collectibles/wooshi-world-collection
450,https://dappradar.com/ethereum/collectibles/wrapped-pixelmap
451,https://dappradar.com/ethereum/games/yolo-dice
452,https://dappradar.com/ethereum/collectibles/young-sick
453,https://dappradar.com/ethereum/collectibles/yung-ape-squad-official
454,https://dappradar.com/ethereum/collectibles/z-huge-by-mountvitruvius
455,https://dappradar.com/ethereum/collectibles/zombietoadz
456,https://dappradar.com/ethereum/collectibles/0xmons
457,https://dappradar.com/ethereum/collectibles/0xvampire-project
458,https://dappradar.com/ethereum/collectibles/3words-v2
459,https://dappradar.com/ethereum/collectibles/888-inner-circle
460,https://dappradar.com/ethereum/collectibles/abstract-loot
461,https://dappradar.com/ethereum/collectibles/adventure-cards
462,https://dappradar.com/ethereum/collectibles/aether
463,https://dappradar.com/ethereum/collectibles/afro-droids
464,https://dappradar.com/ethereum/collectibles/afterorder
465,https://dappradar.com/ethereum/collectibles/ai-pixel-buddies
466,https://dappradar.com/ethereum/collectibles/al-cabones
467,https://dappradar.com/ethereum/collectibles/angry-apes-united
468,https://dappradar.com/ethereum/collectibles/angry-boars
469,https://dappradar.com/ethereum/collectibles/animal-coloring-book
470,https://dappradar.com/ethereum/collectibles/animal-society-v2
471,https://dappradar.com/ethereum/collectibles/anrkey-x
472,https://dappradar.com/ethereum/collectibles/ape-dao-remix
473,https://dappradar.com/ethereum/collectibles/arcadenft
474,https://dappradar.com/ethereum/collectibles/arcadenft
475,https://dappradar.com/polygon/collectibles/artvatars
476,https://dappradar.com/ethereum/collectibles/art-wars-aw
477,https://dappradar.com/ethereum/games/avarik-saga-universe
478,https://dappradar.com/ethereum/collectibles/avid-lines
479,https://dappradar.com/ethereum/collectibles/axolittles
480,https://dappradar.com/ethereum/collectibles/bad-bunnies-nft
481,https://dappradar.com/ethereum/collectibles/bamboozlers
482,https://dappradar.com/ethereum/collectibles/basementdwellers-v2
483,https://dappradar.com/wax/collectibles/bitcoin-origins
484,https://dappradar.com/ethereum/collectibles/bit-monsters-v2
485,https://dappradar.com/ethereum/collectibles/blitmap
486,https://dappradar.com/ethereum/collectibles/blockchain-bikers
487,https://dappradar.com/ethereum/collectibles/blockchain-miners-club-official
488,https://dappradar.com/ethereum/collectibles/bloot-not-for-weaks
489,https://dappradar.com/ethereum/collectibles/bored-ape-chemistry-club
490,https://dappradar.com/ethereum/collectibles/broadcastersnft
491,https://dappradar.com/ethereum/collectibles/brush-strokes-by-0xculture
492,https://dappradar.com/ethereum/collectibles/burnables-nft
493,https://dappradar.com/ethereum/collectibles/cats-83e1hbca35
494,https://dappradar.com/ethereum/marketplaces/chain-saw
495,https://dappradar.com/ethereum/collectibles/chibi-apes
496,https://dappradar.com/ethereum/collectibles/choadz
497,https://dappradar.com/ethereum/collectibles/akumu-dragonz
498,https://dappradar.com/ethereum/games/cryptocats
499,https://dappradar.com/ethereum/collectibles/crypto-gem-alliance
500,https://dappradar.com/ethereum/collectibles/cryptohoots-steampunk-parliament
501,https://dappradar.com/ethereum/collectibles/cryptopolz
502,https://dappradar.com/polygon/collectibles/crypto-punks-2
503,https://dappradar.com/ethereum/collectibles/cryptozombiez-nft
504,https://dappradar.com/ethereum/collectibles/cupcats-official
505,https://dappradar.com/ethereum/collectibles/dark-horizon
506,https://dappradar.com/ethereum/collectibles/deafbeef-v2
507,https://dappradar.com/ethereum/marketplaces/decentraland
508,https://dappradar.com/ethereum/collectibles/deep-space-explorer
509,https://dappradar.com/ethereum/collectibles/degens-farm
510,https://dappradar.com/ethereum/collectibles/dgenesis-dgen-automatons
511,https://dappradar.com/ethereum/collectibles/akumu-dragonz
512,https://dappradar.com/ethereum/collectibles/akumu-dragonz
513,https://dappradar.com/ethereum/collectibles/akumu-dragonz
514,https://dappradar.com/ethereum/collectibles/dinobabies
515,https://dappradar.com/ethereum/collectibles/doodle-kongz
516,https://dappradar.com/binance-smart-chain/games/dragon-warrior-plus
517,https://dappradar.com/ethereum/collectibles/dreamers-by-yugal
518,https://dappradar.com/polygon/games/ember-sword
519,https://dappradar.com/ethereum/collectibles/ethermonkeys
520,https://dappradar.com/ethereum/collectibles/euler-beats
521,https://dappradar.com/ethereum/collectibles/euler-beats
522,https://dappradar.com/ethereum/collectibles/evosnails-nft
523,https://dappradar.com/ethereum/games/f1-delta-time
524,https://dappradar.com/ethereum/collectibles/fast-food-nouns
525,https://dappradar.com/ethereum/collectibles/fatales
526,https://dappradar.com/ethereum/collectibles/feudalz
527,https://dappradar.com/ethereum/collectibles/fewmans
528,https://dappradar.com/ethereum/collectibles/fox-game-official
529,https://dappradar.com/ethereum/collectibles/frogs-in-disguise
530,https://dappradar.com/ethereum/collectibles/fusionapes
531,https://dappradar.com/ethereum/collectibles/fu-xi
532,https://dappradar.com/ethereum/collectibles/gambling-apes-official
533,https://dappradar.com/ethereum/collectibles/genhall
534,https://dappradar.com/ethereum/collectibles/genx-by-hok
535,https://dappradar.com/ethereum/collectibles/goop-troop
536,https://dappradar.com/wax/collectibles/gopepe
537,https://dappradar.com/ethereum/collectibles/grails-by-proof-collective
538,https://dappradar.com/ethereum/collectibles/grillz-gang
539,https://dappradar.com/ethereum/collectibles/gutter-cat-gang
540,https://dappradar.com/ethereum/collectibles/gutter-species-mint-pass
541,https://dappradar.com/ethereum/collectibles/halloweenbears
542,https://dappradar.com/ethereum/collectibles/hashes
543,https://dappradar.com/ethereum/collectibles/headdao
544,https://dappradar.com/binance-smart-chain/games/herocatgamefi
545,https://dappradar.com/ethereum/games/heroes-of-evermore
546,https://dappradar.com/ethereum/collectibles/hidden-in-noise
547,https://dappradar.com/wax/collectibles/hodlgod
548,https://dappradar.com/ethereum/collectibles/hor1zon-troopers
549,https://dappradar.com/ethereum/games/house-of-goblins
550,https://dappradar.com/ethereum/collectibles/ikb-cachet-de-garantie
551,https://dappradar.com/ethereum/collectibles/impermanent-digital
552,https://dappradar.com/ethereum/collectibles/incognito
553,https://dappradar.com/ethereum/games/infamousskullz
554,https://dappradar.com/ethereum/collectibles/jadu-jetpack
555,https://dappradar.com/ethereum/collectibles/jpeg-cards
