names,links_no_utm
Mutant Ape Yacht Club,https://opensea.io/collection/mutant-ape-yacht-club
Moonbirds Oddities,https://opensea.io/collection/moonbirds-oddities
GoblinAi,https://opensea.io/collection/goblinai
MAX PAIN AND FRENS BY XCOPY,https://opensea.io/collection/max-pain-and-frens-by-xcopy
Terraforms by Mathcastles,https://opensea.io/collection/terraforms
First First NFTs,https://opensea.io/collection/firstproject
Dope Wars Loot,https://opensea.io/collection/dope-v4
The Meta Key,https://opensea.io/collection/the-meta-key
Neo Tokyo Identities,https://opensea.io/collection/neo-tokyo-identities
Anonymice,https://opensea.io/collection/anonymice
Gh0stly Gh0sts,https://opensea.io/collection/gh0stlygh0sts
merge.,https://opensea.io/collection/m
RaidParty Fighters,https://opensea.io/collection/raidparty
NFTheo,https://opensea.io/collection/theo-nft
dotdotdots,https://opensea.io/collection/dotdotdots
Fast Food Nouns,https://opensea.io/collection/fast-food-nouns
Abstract Loot,https://opensea.io/collection/abstract-loot
Cats - 83e1HBCA35,https://opensea.io/collection/cmykatz-nfts
Ethermonkeys,https://opensea.io/collection/ethermonkeys
Dreamers by Yugal,https://opensea.io/collection/dreamers-yugal
Brush Strokes by 0xCulture,https://opensea.io/collection/brushstrokes-v2
0xVampire Project,https://opensea.io/collection/0xvampire-project
Bored Ape Chemistry Club,https://opensea.io/collection/bored-ape-chemistry-club
Bloot (not for Weaks),https://opensea.io/collection/blootofficial
888 inner circle,https://opensea.io/collection/888innercircle
888 inner circle,https://opensea.io/collection/888innercircle
Pythagorean Masks,https://opensea.io/collection/pythagorean-masks
Strawberries V3,https://opensea.io/collection/strawberries-v3
Synthetic Dreams by Refik Anadol,https://opensea.io/collection/synthetic-dreams
The 140 Collection by Twitter,https://opensea.io/collection/the-140-collection
the#boi,https://opensea.io/collection/the-boi
The n project,https://opensea.io/collection/n-project
Travel Tiger Club,https://opensea.io/collection/travel-tiger-club-travala
Truchet Styles,https://opensea.io/collection/truchet-styles
Wixa,https://opensea.io/collection/wixa
YOUNG & SICK,https://opensea.io/collection/the-last-supper-nft
ZombieToadz,https://opensea.io/collection/zombietoadzofficial
0xVampire Project,https://opensea.io/collection/0xvampire-project
3Words V2,https://opensea.io/collection/3words-v2
888 inner circle,https://opensea.io/collection/888innercircle
Abstract Loot,https://opensea.io/collection/abstract-loot
Animal Society V2,https://opensea.io/collection/animal-society-v2
Bamboozlers,https://opensea.io/collection/bamboozlers
Bloot (not for Weaks),https://opensea.io/collection/blootofficial
Bored Ape Chemistry Club,https://opensea.io/collection/bored-ape-chemistry-club
Brush Strokes by 0xCulture,https://opensea.io/collection/brushstrokes-v2
Cats - 83e1HBCA35,https://opensea.io/collection/cmykatz-nfts
Dreamers by Yugal,https://opensea.io/collection/dreamers-yugal
Ethermonkeys,https://opensea.io/collection/ethermonkeys
Fast Food Nouns,https://opensea.io/collection/fast-food-nouns
Fu Xi,https://opensea.io/collection/fuxi-v2
GRILLZ GANG,https://opensea.io/collection/grillzgang
Heroes of Evermore,https://opensea.io/collection/heroes-of-evermore
HIDDEN IN NOISE,https://opensea.io/collection/hiddeninnoise
mfers,https://opensea.io/collection/mfers
hausphases by Haus,https://opensea.io/collection/hausphases
Rookie League,https://opensea.io/collection/rookie-league
